CustomerID,CustomerName,Gender,Age,AgeGroup,City,State,CustomerSegment,JoinDate
1001,Arjun Rao,Male,35,26-35,Bengaluru,Karnataka,New,2023-10-13
1002,Suresh Rao,Female,20,18-25,Bengaluru,Karnataka,New,2024-03-23
1003,Suresh Das,Male,59,46-60,Hyderabad,Telangana,Regular,2025-05-09
1004,Amit Kumar,Male,28,26-35,Chennai,Tamil Nadu,Regular,2024-11-27
1005,Priya Naidu,Female,24,18-25,Delhi,Delhi,New,2023-07-18
1006,Aditya Rao,Male,47,46-60,Chennai,Tamil Nadu,Regular,2025-02-14
1007,Vivaan Patel,Female,54,46-60,Chennai,Tamil Nadu,New,2023-05-23
1008,Amit Das,Male,32,26-35,Chennai,Tamil Nadu,Premium,2025-02-17
1009,Aditya Verma,Male,41,36-45,Pune,Maharashtra,Regular,2024-06-30
1010,Neha Patel,Male,28,26-35,Mumbai,Maharashtra,Regular,2024-07-06
1011,Sneha Singh,Male,32,26-35,Pune,Maharashtra,Regular,2024-10-08
1012,Kiran Das,Male,54,46-60,Bengaluru,Karnataka,Premium,2024-10-06
1013,Neha Rao,Female,27,26-35,Kolkata,West Bengal,Regular,2024-05-20
1014,Rohan Rao,Female,55,46-60,Chennai,Tamil Nadu,Regular,2024-03-25
1015,Rahul Gupta,Male,21,18-25,Ahmedabad,Gujarat,Premium,2023-11-10
1016,Pooja Singh,Female,42,36-45,Bengaluru,Karnataka,Regular,2025-08-16
1017,Arjun Singh,Male,52,46-60,Hyderabad,Telangana,Regular,2024-11-27
1018,Pooja Kumar,Male,47,46-60,Kolkata,West Bengal,New,2024-06-23
1019,Rohan Naidu,Female,58,46-60,Bengaluru,Karnataka,Regular,2024-02-12
1020,Arjun Naidu,Male,56,46-60,Mumbai,Maharashtra,Regular,2023-02-09
1021,Aditya Das,Male,21,18-25,Chennai,Tamil Nadu,New,2023-06-11
1022,Amit Rao,Male,26,26-35,Bengaluru,Karnataka,Regular,2023-12-05
1023,Vikram Gupta,Male,52,46-60,Kolkata,West Bengal,Regular,2024-02-16
1024,Suresh Reddy,Female,51,46-60,Pune,Maharashtra,Regular,2024-05-22
1025,Aarav Reddy,Male,55,46-60,Pune,Maharashtra,Regular,2024-03-27
1026,Aditya Rao,Male,22,18-25,Hyderabad,Telangana,Premium,2024-11-07
1027,Isha Verma,Female,60,46-60,Delhi,Delhi,Regular,2023-09-28
1028,Arjun Reddy,Male,48,46-60,Ahmedabad,Gujarat,Regular,2024-01-25
1029,Arjun Sharma,Female,45,36-45,Kolkata,West Bengal,Regular,2023-04-21
1030,Neha Das,Female,24,18-25,Kolkata,West Bengal,New,2024-01-25
1031,Aditya Das,Female,29,26-35,Mumbai,Maharashtra,Regular,2024-05-26
1032,Aditya Patel,Male,59,46-60,Bengaluru,Karnataka,Premium,2023-01-31
1033,Vivaan Kumar,Female,49,46-60,Mumbai,Maharashtra,Regular,2025-04-01
1034,Vikram Gupta,Male,42,36-45,Kolkata,West Bengal,Regular,2025-07-20
1035,Isha Rao,Male,30,26-35,Ahmedabad,Gujarat,Regular,2023-04-30
1036,Pooja Rao,Female,21,18-25,Hyderabad,Telangana,New,2025-09-03
1037,Aditya Verma,Male,50,46-60,Mumbai,Maharashtra,New,2024-01-16
1038,Isha Verma,Male,43,36-45,Bengaluru,Karnataka,New,2024-05-19
1039,Ananya Singh,Male,44,36-45,Hyderabad,Telangana,Regular,2025-12-06
1040,Vikram Das,Female,33,26-35,Delhi,Delhi,Regular,2023-09-26
1041,Aditya Rao,Male,18,18-25,Pune,Maharashtra,Regular,2023-07-24
1042,Suresh Naidu,Female,26,26-35,Delhi,Delhi,Premium,2023-05-21
1043,Riya Rao,Male,46,46-60,Chennai,Tamil Nadu,Regular,2024-09-11
1044,Amit Reddy,Female,60,46-60,Hyderabad,Telangana,New,2023-10-03
1045,Ananya Patel,Male,35,26-35,Bengaluru,Karnataka,Regular,2024-03-07
1046,Aditya Gupta,Female,34,26-35,Chennai,Tamil Nadu,Premium,2023-04-15
1047,Amit Kumar,Male,18,18-25,Chennai,Tamil Nadu,Regular,2023-09-25
1048,Rohan Rao,Female,53,46-60,Ahmedabad,Gujarat,New,2023-06-04
1049,Rohan Sharma,Female,55,46-60,Hyderabad,Telangana,Regular,2025-05-30
1050,Suresh Reddy,Female,20,18-25,Chennai,Tamil Nadu,Premium,2024-03-06
1051,Rahul Kumar,Female,57,46-60,Pune,Maharashtra,Regular,2024-04-29
1052,Kavya Patel,Male,29,26-35,Kolkata,West Bengal,Regular,2024-11-11
1053,Meera Patel,Male,24,18-25,Chennai,Tamil Nadu,Regular,2023-03-21
1054,Suresh Sharma,Female,40,36-45,Delhi,Delhi,Regular,2024-04-11
1055,Amit Naidu,Female,39,36-45,Delhi,Delhi,Regular,2023-05-23
1056,Rahul Verma,Female,19,18-25,Kolkata,West Bengal,New,2024-06-18
1057,Ananya Gupta,Male,24,18-25,Chennai,Tamil Nadu,Regular,2024-12-08
1058,Kavya Sharma,Female,54,46-60,Bengaluru,Karnataka,New,2023-04-01
1059,Riya Naidu,Female,45,36-45,Delhi,Delhi,New,2024-11-07
1060,Ananya Gupta,Female,50,46-60,Bengaluru,Karnataka,Regular,2025-04-16
1061,Rahul Verma,Male,30,26-35,Chennai,Tamil Nadu,Regular,2025-02-15
1062,Vikram Patel,Female,53,46-60,Chennai,Tamil Nadu,Regular,2024-09-14
1063,Pooja Das,Female,47,46-60,Kolkata,West Bengal,Regular,2024-03-13
1064,Aditya Patel,Male,36,36-45,Mumbai,Maharashtra,Regular,2024-11-17
1065,Suresh Das,Male,30,26-35,Chennai,Tamil Nadu,New,2023-04-05
1066,Sneha Das,Female,44,36-45,Bengaluru,Karnataka,Premium,2024-02-03
1067,Arjun Gupta,Male,27,26-35,Kolkata,West Bengal,Regular,2023-01-12
1068,Arjun Das,Male,51,46-60,Delhi,Delhi,Regular,2024-05-25
1069,Divya Verma,Female,60,46-60,Mumbai,Maharashtra,Regular,2024-10-11
1070,Divya Singh,Female,28,26-35,Kolkata,West Bengal,Regular,2025-08-30
1071,Amit Das,Female,51,46-60,Delhi,Delhi,Regular,2024-05-04
1072,Neha Reddy,Female,33,26-35,Bengaluru,Karnataka,Regular,2024-10-16
1073,Kiran Reddy,Male,32,26-35,Mumbai,Maharashtra,Regular,2023-11-09
1074,Vivaan Patel,Female,39,36-45,Kolkata,West Bengal,Regular,2025-05-01
1075,Isha Gupta,Female,55,46-60,Kolkata,West Bengal,Premium,2023-02-10
1076,Kavya Rao,Male,40,36-45,Ahmedabad,Gujarat,Regular,2025-03-09
1077,Aarav Gupta,Female,32,26-35,Delhi,Delhi,Regular,2025-09-21
1078,Riya Rao,Female,28,26-35,Pune,Maharashtra,Regular,2023-09-19
1079,Aditya Gupta,Female,55,46-60,Hyderabad,Telangana,Regular,2023-02-25
1080,Ananya Patel,Female,29,26-35,Mumbai,Maharashtra,New,2025-02-15
1081,Amit Gupta,Female,39,36-45,Ahmedabad,Gujarat,Regular,2025-02-15
1082,Priya Patel,Male,48,46-60,Chennai,Tamil Nadu,New,2023-04-17
1083,Aarav Verma,Male,19,18-25,Bengaluru,Karnataka,Premium,2024-02-13
1084,Isha Patel,Male,26,26-35,Mumbai,Maharashtra,Regular,2023-08-23
1085,Rahul Singh,Female,41,36-45,Ahmedabad,Gujarat,New,2023-08-23
1086,Sneha Patel,Male,37,36-45,Bengaluru,Karnataka,Regular,2025-02-07
1087,Riya Reddy,Male,24,18-25,Bengaluru,Karnataka,Regular,2024-09-09
1088,Aditya Rao,Female,52,46-60,Hyderabad,Telangana,Regular,2025-01-28
1089,Kavya Naidu,Male,44,36-45,Pune,Maharashtra,Regular,2023-08-05
1090,Amit Verma,Male,45,36-45,Ahmedabad,Gujarat,New,2025-12-04
1091,Ananya Patel,Female,45,36-45,Ahmedabad,Gujarat,Regular,2024-07-03
1092,Isha Verma,Female,46,46-60,Bengaluru,Karnataka,New,2025-08-09
1093,Rahul Das,Female,19,18-25,Kolkata,West Bengal,Regular,2024-10-27
1094,Neha Sharma,Female,34,26-35,Delhi,Delhi,Regular,2024-07-19
1095,Neha Patel,Male,33,26-35,Delhi,Delhi,Regular,2025-09-27
1096,Vikram Patel,Female,46,46-60,Ahmedabad,Gujarat,Regular,2023-07-10
1097,Meera Rao,Male,37,36-45,Kolkata,West Bengal,Regular,2025-01-25
1098,Amit Singh,Female,53,46-60,Pune,Maharashtra,Regular,2025-07-18
1099,Arjun Rao,Male,25,18-25,Chennai,Tamil Nadu,Regular,2024-10-08
1100,Isha Rao,Male,31,26-35,Mumbai,Maharashtra,Regular,2024-07-20
1101,Rahul Singh,Male,30,26-35,Chennai,Tamil Nadu,Regular,2025-01-09
1102,Neha Singh,Male,35,26-35,Hyderabad,Telangana,New,2023-04-22
1103,Meera Das,Female,24,18-25,Mumbai,Maharashtra,Premium,2024-08-05
1104,Meera Reddy,Female,29,26-35,Ahmedabad,Gujarat,Premium,2024-06-01
1105,Rohan Kumar,Female,49,46-60,Bengaluru,Karnataka,New,2023-04-20
1106,Riya Verma,Male,33,26-35,Chennai,Tamil Nadu,New,2025-05-02
1107,Isha Gupta,Female,46,46-60,Delhi,Delhi,Premium,2024-08-31
1108,Kiran Patel,Male,57,46-60,Chennai,Tamil Nadu,Premium,2023-07-23
1109,Rahul Sharma,Male,28,26-35,Chennai,Tamil Nadu,New,2023-06-03
1110,Suresh Singh,Female,56,46-60,Kolkata,West Bengal,Regular,2023-03-08
1111,Isha Patel,Female,22,18-25,Chennai,Tamil Nadu,Regular,2024-06-25
1112,Amit Kumar,Male,52,46-60,Kolkata,West Bengal,New,2023-11-02
1113,Divya Reddy,Male,28,26-35,Bengaluru,Karnataka,Regular,2024-08-14
1114,Neha Das,Female,43,36-45,Ahmedabad,Gujarat,Premium,2025-10-21
1115,Ananya Verma,Male,56,46-60,Ahmedabad,Gujarat,New,2025-06-03
1116,Amit Verma,Male,23,18-25,Chennai,Tamil Nadu,New,2023-02-12
1117,Amit Kumar,Male,48,46-60,Hyderabad,Telangana,Regular,2025-06-24
1118,Ananya Naidu,Female,23,18-25,Kolkata,West Bengal,Regular,2025-04-16
1119,Vikram Gupta,Male,39,36-45,Bengaluru,Karnataka,Regular,2025-10-11
1120,Arjun Gupta,Female,23,18-25,Hyderabad,Telangana,Regular,2024-10-24
1121,Priya Verma,Female,44,36-45,Hyderabad,Telangana,New,2025-11-27
1122,Vikram Das,Female,21,18-25,Ahmedabad,Gujarat,New,2023-09-26
1123,Rahul Singh,Male,19,18-25,Ahmedabad,Gujarat,Premium,2024-05-05
1124,Divya Reddy,Female,23,18-25,Hyderabad,Telangana,New,2023-08-21
1125,Kavya Das,Female,36,36-45,Mumbai,Maharashtra,Regular,2024-07-13
1126,Kiran Verma,Male,47,46-60,Ahmedabad,Gujarat,Regular,2025-02-24
1127,Ananya Rao,Male,35,26-35,Mumbai,Maharashtra,Regular,2025-04-29
1128,Rohan Das,Male,36,36-45,Chennai,Tamil Nadu,Regular,2025-09-29
1129,Divya Naidu,Female,39,36-45,Ahmedabad,Gujarat,Regular,2025-02-11
1130,Vivaan Naidu,Male,54,46-60,Delhi,Delhi,Regular,2025-04-21
1131,Meera Sharma,Female,42,36-45,Ahmedabad,Gujarat,Premium,2023-11-08
1132,Arjun Rao,Female,24,18-25,Mumbai,Maharashtra,Premium,2025-06-20
1133,Aditya Das,Male,27,26-35,Ahmedabad,Gujarat,Regular,2023-11-13
1134,Ananya Rao,Female,57,46-60,Chennai,Tamil Nadu,Regular,2023-06-14
1135,Neha Sharma,Female,58,46-60,Kolkata,West Bengal,Regular,2025-09-26
1136,Suresh Reddy,Male,58,46-60,Bengaluru,Karnataka,Regular,2024-08-11
1137,Divya Kumar,Male,58,46-60,Kolkata,West Bengal,Regular,2023-07-25
1138,Vikram Naidu,Male,20,18-25,Chennai,Tamil Nadu,Regular,2023-04-25
1139,Isha Kumar,Female,27,26-35,Pune,Maharashtra,New,2025-04-23
1140,Riya Patel,Male,23,18-25,Mumbai,Maharashtra,Regular,2025-02-22
1141,Divya Singh,Male,32,26-35,Ahmedabad,Gujarat,Regular,2024-06-04
1142,Aditya Das,Female,36,36-45,Hyderabad,Telangana,Regular,2023-11-20
1143,Divya Singh,Female,58,46-60,Pune,Maharashtra,Premium,2024-05-27
1144,Isha Naidu,Female,48,46-60,Delhi,Delhi,New,2025-02-20
1145,Amit Sharma,Female,19,18-25,Chennai,Tamil Nadu,Premium,2025-03-21
1146,Riya Naidu,Female,36,36-45,Hyderabad,Telangana,Regular,2024-04-16
1147,Arjun Sharma,Male,57,46-60,Delhi,Delhi,Regular,2023-10-08
1148,Aditya Singh,Female,20,18-25,Chennai,Tamil Nadu,Regular,2023-09-27
1149,Pooja Rao,Female,29,26-35,Pune,Maharashtra,New,2025-01-19
1150,Vikram Naidu,Male,34,26-35,Chennai,Tamil Nadu,Premium,2025-09-13
1151,Sneha Rao,Female,22,18-25,Bengaluru,Karnataka,New,2024-04-07
1152,Divya Naidu,Male,43,36-45,Pune,Maharashtra,New,2023-09-11
1153,Suresh Das,Female,58,46-60,Chennai,Tamil Nadu,Premium,2023-08-10
1154,Divya Singh,Female,57,46-60,Hyderabad,Telangana,New,2023-05-10
1155,Vikram Das,Male,26,26-35,Kolkata,West Bengal,New,2023-03-18
1156,Sneha Das,Male,33,26-35,Bengaluru,Karnataka,Premium,2023-10-05
1157,Kavya Reddy,Female,55,46-60,Pune,Maharashtra,Regular,2023-11-13
1158,Kiran Das,Female,35,26-35,Ahmedabad,Gujarat,New,2025-01-28
1159,Neha Naidu,Male,41,36-45,Ahmedabad,Gujarat,New,2025-01-22
1160,Divya Reddy,Female,35,26-35,Hyderabad,Telangana,New,2023-09-08
1161,Rohan Verma,Male,21,18-25,Delhi,Delhi,Regular,2024-05-13
1162,Suresh Naidu,Male,53,46-60,Delhi,Delhi,New,2024-03-18
1163,Rohan Rao,Male,35,26-35,Mumbai,Maharashtra,Premium,2023-10-24
1164,Rohan Sharma,Male,25,18-25,Chennai,Tamil Nadu,Regular,2023-02-22
1165,Amit Sharma,Male,55,46-60,Pune,Maharashtra,Regular,2023-12-23
1166,Meera Das,Female,51,46-60,Mumbai,Maharashtra,New,2023-05-11
1167,Pooja Singh,Male,46,46-60,Pune,Maharashtra,Regular,2023-03-30
1168,Kavya Reddy,Male,21,18-25,Ahmedabad,Gujarat,Premium,2025-04-02
1169,Riya Kumar,Female,22,18-25,Ahmedabad,Gujarat,Premium,2024-10-21
1170,Sneha Verma,Male,35,26-35,Bengaluru,Karnataka,Regular,2024-10-27
1171,Arjun Rao,Female,50,46-60,Chennai,Tamil Nadu,Regular,2023-07-23
1172,Ananya Das,Female,46,46-60,Delhi,Delhi,Premium,2025-04-27
1173,Amit Naidu,Female,24,18-25,Kolkata,West Bengal,Regular,2024-10-02
1174,Aditya Gupta,Female,22,18-25,Mumbai,Maharashtra,New,2023-06-24
1175,Arjun Gupta,Female,26,26-35,Bengaluru,Karnataka,Regular,2024-11-06
1176,Priya Reddy,Female,21,18-25,Pune,Maharashtra,Premium,2024-10-01
1177,Priya Rao,Male,60,46-60,Delhi,Delhi,Regular,2023-08-10
1178,Neha Verma,Male,35,26-35,Pune,Maharashtra,Regular,2025-05-28
1179,Ananya Naidu,Female,19,18-25,Hyderabad,Telangana,New,2024-09-24
1180,Aditya Kumar,Male,27,26-35,Hyderabad,Telangana,Regular,2025-03-31
1181,Divya Naidu,Male,51,46-60,Hyderabad,Telangana,New,2025-05-09
1182,Vivaan Kumar,Female,37,36-45,Mumbai,Maharashtra,Regular,2023-06-23
1183,Meera Verma,Male,23,18-25,Mumbai,Maharashtra,Regular,2025-05-18
1184,Arjun Naidu,Female,35,26-35,Ahmedabad,Gujarat,New,2025-11-15
1185,Pooja Singh,Male,36,36-45,Kolkata,West Bengal,Regular,2025-09-23
1186,Aarav Patel,Male,43,36-45,Hyderabad,Telangana,Premium,2023-04-23
1187,Ananya Reddy,Male,26,26-35,Chennai,Tamil Nadu,Regular,2024-08-15
1188,Neha Patel,Female,45,36-45,Hyderabad,Telangana,New,2025-02-17
1189,Kavya Sharma,Male,43,36-45,Pune,Maharashtra,Premium,2023-03-28
1190,Kavya Singh,Male,38,36-45,Ahmedabad,Gujarat,Regular,2025-04-08
1191,Riya Das,Female,19,18-25,Bengaluru,Karnataka,Premium,2023-12-18
1192,Kavya Verma,Male,45,36-45,Pune,Maharashtra,Regular,2024-05-13
1193,Suresh Naidu,Male,43,36-45,Kolkata,West Bengal,Premium,2024-11-26
1194,Pooja Patel,Male,50,46-60,Mumbai,Maharashtra,Regular,2025-12-22
1195,Arjun Kumar,Female,59,46-60,Pune,Maharashtra,Regular,2024-04-28
1196,Rahul Das,Male,29,26-35,Chennai,Tamil Nadu,Regular,2023-06-04
1197,Ananya Kumar,Female,54,46-60,Ahmedabad,Gujarat,Regular,2024-10-23
1198,Amit Verma,Male,48,46-60,Ahmedabad,Gujarat,Regular,2024-09-12
1199,Divya Sharma,Female,50,46-60,Hyderabad,Telangana,New,2025-08-03
1200,Riya Verma,Female,36,36-45,Hyderabad,Telangana,New,2023-07-04
1201,Divya Verma,Female,55,46-60,Kolkata,West Bengal,Regular,2023-03-26
1202,Vivaan Das,Female,56,46-60,Delhi,Delhi,Regular,2023-11-05
1203,Vivaan Patel,Female,23,18-25,Bengaluru,Karnataka,Regular,2023-12-20
1204,Priya Naidu,Female,51,46-60,Ahmedabad,Gujarat,Regular,2023-11-22
1205,Ananya Reddy,Female,44,36-45,Chennai,Tamil Nadu,Regular,2023-04-18
1206,Amit Verma,Male,53,46-60,Pune,Maharashtra,Regular,2024-08-04
1207,Priya Singh,Female,23,18-25,Mumbai,Maharashtra,Regular,2023-10-17
1208,Vikram Rao,Male,56,46-60,Kolkata,West Bengal,Regular,2023-06-23
1209,Aditya Gupta,Female,26,26-35,Kolkata,West Bengal,Regular,2025-12-14
1210,Ananya Das,Male,41,36-45,Pune,Maharashtra,Regular,2024-03-14
1211,Arjun Rao,Male,26,26-35,Delhi,Delhi,New,2024-08-28
1212,Rohan Kumar,Female,57,46-60,Hyderabad,Telangana,New,2025-02-10
1213,Suresh Das,Male,46,46-60,Mumbai,Maharashtra,New,2025-01-16
1214,Meera Patel,Female,32,26-35,Chennai,Tamil Nadu,Regular,2024-09-25
1215,Pooja Rao,Female,47,46-60,Pune,Maharashtra,Regular,2025-02-21
1216,Amit Sharma,Male,30,26-35,Kolkata,West Bengal,Regular,2023-10-11
1217,Arjun Singh,Female,53,46-60,Ahmedabad,Gujarat,Premium,2025-11-22
1218,Rohan Gupta,Male,35,26-35,Bengaluru,Karnataka,Regular,2025-11-17
1219,Kavya Sharma,Male,46,46-60,Bengaluru,Karnataka,Premium,2023-02-24
1220,Priya Patel,Female,33,26-35,Kolkata,West Bengal,Regular,2023-06-17
1221,Rohan Kumar,Female,24,18-25,Hyderabad,Telangana,Regular,2024-11-17
1222,Meera Das,Female,48,46-60,Hyderabad,Telangana,Regular,2023-10-12
1223,Neha Verma,Male,19,18-25,Hyderabad,Telangana,Regular,2023-11-03
1224,Vivaan Patel,Male,36,36-45,Kolkata,West Bengal,New,2023-09-07
1225,Riya Rao,Female,22,18-25,Kolkata,West Bengal,New,2025-10-20
1226,Riya Naidu,Male,27,26-35,Hyderabad,Telangana,Regular,2023-01-04
1227,Pooja Naidu,Female,29,26-35,Delhi,Delhi,Regular,2023-06-25
1228,Sneha Naidu,Male,42,36-45,Bengaluru,Karnataka,Premium,2023-03-31
1229,Suresh Reddy,Male,40,36-45,Chennai,Tamil Nadu,Regular,2024-12-07
1230,Rahul Das,Male,20,18-25,Pune,Maharashtra,Regular,2024-11-24
1231,Vivaan Singh,Male,26,26-35,Ahmedabad,Gujarat,New,2025-07-26
1232,Vikram Rao,Male,30,26-35,Delhi,Delhi,Premium,2024-10-08
1233,Vikram Naidu,Female,34,26-35,Kolkata,West Bengal,New,2024-01-27
1234,Kavya Gupta,Female,35,26-35,Hyderabad,Telangana,New,2025-01-23
1235,Meera Naidu,Female,39,36-45,Ahmedabad,Gujarat,Premium,2025-10-13
1236,Neha Singh,Male,45,36-45,Chennai,Tamil Nadu,New,2024-01-05
1237,Vikram Das,Male,23,18-25,Pune,Maharashtra,Regular,2024-08-28
1238,Priya Verma,Male,46,46-60,Kolkata,West Bengal,Regular,2023-03-28
1239,Aditya Gupta,Female,58,46-60,Kolkata,West Bengal,Premium,2023-04-28
1240,Vivaan Kumar,Male,19,18-25,Pune,Maharashtra,New,2025-06-16
1241,Isha Sharma,Male,59,46-60,Bengaluru,Karnataka,Regular,2025-02-23
1242,Isha Kumar,Female,41,36-45,Mumbai,Maharashtra,Regular,2023-06-07
1243,Arjun Sharma,Female,38,36-45,Pune,Maharashtra,Regular,2024-05-26
1244,Amit Singh,Female,51,46-60,Mumbai,Maharashtra,Regular,2023-08-30
1245,Kiran Reddy,Male,57,46-60,Ahmedabad,Gujarat,Regular,2025-10-02
1246,Aditya Naidu,Male,46,46-60,Mumbai,Maharashtra,New,2025-06-30
1247,Rahul Kumar,Male,53,46-60,Pune,Maharashtra,Regular,2024-09-06
1248,Suresh Das,Male,25,18-25,Pune,Maharashtra,Premium,2023-10-12
1249,Neha Kumar,Female,53,46-60,Hyderabad,Telangana,Regular,2025-08-15
1250,Pooja Gupta,Male,37,36-45,Bengaluru,Karnataka,Regular,2025-09-07
1251,Divya Das,Male,26,26-35,Kolkata,West Bengal,Premium,2023-06-01
1252,Rohan Gupta,Male,53,46-60,Pune,Maharashtra,Regular,2024-01-08
1253,Rahul Naidu,Male,51,46-60,Hyderabad,Telangana,New,2023-12-04
1254,Amit Patel,Female,51,46-60,Delhi,Delhi,Premium,2023-06-11
1255,Aditya Rao,Male,58,46-60,Chennai,Tamil Nadu,Regular,2025-12-28
1256,Isha Sharma,Male,28,26-35,Mumbai,Maharashtra,Regular,2024-11-22
1257,Kiran Verma,Male,20,18-25,Hyderabad,Telangana,Premium,2024-06-26
1258,Vikram Das,Male,49,46-60,Kolkata,West Bengal,Premium,2024-08-16
1259,Rahul Das,Female,37,36-45,Delhi,Delhi,Regular,2023-05-03
1260,Ananya Naidu,Female,47,46-60,Kolkata,West Bengal,New,2023-10-22
1261,Neha Reddy,Female,26,26-35,Pune,Maharashtra,Regular,2025-11-20
1262,Suresh Kumar,Male,47,46-60,Pune,Maharashtra,New,2025-07-09
1263,Suresh Kumar,Male,36,36-45,Bengaluru,Karnataka,Premium,2025-05-06
1264,Pooja Das,Female,30,26-35,Pune,Maharashtra,Regular,2025-10-17
1265,Pooja Das,Female,49,46-60,Ahmedabad,Gujarat,New,2025-03-16
1266,Vikram Das,Male,55,46-60,Delhi,Delhi,Regular,2023-04-14
1267,Kavya Kumar,Female,52,46-60,Ahmedabad,Gujarat,New,2023-08-09
1268,Vivaan Verma,Female,43,36-45,Chennai,Tamil Nadu,Regular,2025-03-31
1269,Pooja Das,Female,53,46-60,Delhi,Delhi,Regular,2025-03-02
1270,Priya Naidu,Male,26,26-35,Chennai,Tamil Nadu,Premium,2025-03-17
1271,Pooja Sharma,Male,30,26-35,Pune,Maharashtra,Regular,2025-04-02
1272,Pooja Das,Male,26,26-35,Hyderabad,Telangana,Regular,2025-08-28
1273,Rahul Gupta,Male,38,36-45,Mumbai,Maharashtra,Premium,2024-10-14
1274,Meera Verma,Female,50,46-60,Chennai,Tamil Nadu,Regular,2025-12-26
1275,Kavya Verma,Female,19,18-25,Chennai,Tamil Nadu,Regular,2023-08-13
1276,Vivaan Verma,Male,56,46-60,Chennai,Tamil Nadu,Regular,2024-04-11
1277,Rohan Patel,Male,51,46-60,Ahmedabad,Gujarat,Regular,2025-02-17
1278,Kavya Kumar,Male,30,26-35,Hyderabad,Telangana,New,2024-10-04
1279,Vivaan Kumar,Male,44,36-45,Kolkata,West Bengal,Regular,2025-08-23
1280,Ananya Kumar,Female,60,46-60,Delhi,Delhi,Regular,2025-02-10
1281,Riya Das,Female,52,46-60,Ahmedabad,Gujarat,Regular,2024-06-25
1282,Vikram Singh,Male,35,26-35,Delhi,Delhi,Regular,2024-04-05
1283,Vikram Reddy,Female,38,36-45,Delhi,Delhi,Regular,2024-07-14
1284,Vikram Sharma,Female,40,36-45,Kolkata,West Bengal,Premium,2023-10-27
1285,Meera Patel,Male,40,36-45,Chennai,Tamil Nadu,Premium,2024-06-09
1286,Arjun Verma,Female,53,46-60,Delhi,Delhi,Regular,2023-10-09
1287,Suresh Patel,Male,21,18-25,Delhi,Delhi,Regular,2025-12-23
1288,Arjun Kumar,Male,44,36-45,Hyderabad,Telangana,Regular,2025-08-25
1289,Meera Patel,Male,44,36-45,Hyderabad,Telangana,Regular,2025-09-01
1290,Isha Patel,Female,36,36-45,Chennai,Tamil Nadu,Regular,2023-07-03
1291,Vivaan Gupta,Male,44,36-45,Hyderabad,Telangana,Premium,2023-12-27
1292,Vikram Verma,Male,36,36-45,Ahmedabad,Gujarat,Premium,2023-01-19
1293,Meera Kumar,Female,36,36-45,Bengaluru,Karnataka,Regular,2025-12-09
1294,Rahul Das,Female,30,26-35,Ahmedabad,Gujarat,Regular,2024-11-08
1295,Isha Patel,Male,18,18-25,Chennai,Tamil Nadu,Regular,2024-08-27
1296,Sneha Reddy,Female,45,36-45,Mumbai,Maharashtra,Regular,2023-06-27
1297,Aarav Singh,Male,48,46-60,Mumbai,Maharashtra,Regular,2024-05-23
1298,Vikram Verma,Male,46,46-60,Kolkata,West Bengal,Regular,2024-11-06
1299,Vivaan Reddy,Female,59,46-60,Hyderabad,Telangana,Regular,2024-04-28
1300,Vikram Reddy,Female,28,26-35,Ahmedabad,Gujarat,Regular,2025-10-26
1301,Meera Kumar,Female,57,46-60,Chennai,Tamil Nadu,New,2023-10-01
1302,Neha Patel,Female,44,36-45,Ahmedabad,Gujarat,Regular,2025-08-22
1303,Aditya Verma,Male,51,46-60,Delhi,Delhi,Regular,2025-01-10
1304,Isha Rao,Male,53,46-60,Bengaluru,Karnataka,Premium,2024-02-19
1305,Arjun Patel,Male,38,36-45,Mumbai,Maharashtra,Premium,2025-06-23
1306,Divya Kumar,Male,50,46-60,Ahmedabad,Gujarat,Regular,2023-04-24
1307,Vikram Sharma,Female,54,46-60,Kolkata,West Bengal,New,2025-08-04
1308,Vivaan Gupta,Female,18,18-25,Kolkata,West Bengal,Regular,2023-05-30
1309,Meera Sharma,Male,52,46-60,Pune,Maharashtra,Premium,2023-05-22
1310,Priya Gupta,Female,29,26-35,Chennai,Tamil Nadu,Regular,2025-05-10
1311,Priya Reddy,Female,42,36-45,Ahmedabad,Gujarat,New,2023-09-30
1312,Aarav Sharma,Female,51,46-60,Mumbai,Maharashtra,New,2024-04-01
1313,Suresh Patel,Female,52,46-60,Chennai,Tamil Nadu,Regular,2025-02-15
1314,Vivaan Gupta,Female,27,26-35,Ahmedabad,Gujarat,Regular,2023-08-20
1315,Divya Verma,Male,31,26-35,Hyderabad,Telangana,New,2023-03-10
1316,Neha Patel,Male,20,18-25,Hyderabad,Telangana,Regular,2024-04-24
1317,Isha Naidu,Male,50,46-60,Hyderabad,Telangana,Premium,2024-04-24
1318,Suresh Gupta,Male,37,36-45,Pune,Maharashtra,Premium,2025-12-03
1319,Kavya Rao,Female,21,18-25,Chennai,Tamil Nadu,Regular,2023-12-25
1320,Pooja Naidu,Male,40,36-45,Ahmedabad,Gujarat,Premium,2025-02-19
1321,Neha Das,Female,27,26-35,Kolkata,West Bengal,Regular,2024-01-12
1322,Divya Sharma,Male,37,36-45,Delhi,Delhi,Premium,2023-10-23
1323,Suresh Singh,Female,53,46-60,Kolkata,West Bengal,Regular,2025-03-06
1324,Priya Reddy,Female,59,46-60,Delhi,Delhi,New,2025-07-10
1325,Aditya Patel,Male,35,26-35,Delhi,Delhi,Regular,2023-03-22
1326,Vikram Sharma,Female,31,26-35,Delhi,Delhi,Premium,2024-11-12
1327,Suresh Verma,Male,25,18-25,Delhi,Delhi,Regular,2025-09-07
1328,Sneha Das,Female,33,26-35,Delhi,Delhi,Regular,2024-08-02
1329,Divya Reddy,Female,34,26-35,Pune,Maharashtra,Regular,2025-10-15
1330,Vivaan Verma,Female,31,26-35,Ahmedabad,Gujarat,Regular,2025-04-27
1331,Vikram Kumar,Male,19,18-25,Delhi,Delhi,Regular,2025-05-05
1332,Meera Rao,Female,32,26-35,Delhi,Delhi,Regular,2024-05-18
1333,Divya Kumar,Female,49,46-60,Pune,Maharashtra,Premium,2025-10-01
1334,Rahul Rao,Male,26,26-35,Pune,Maharashtra,Regular,2025-09-27
1335,Aarav Gupta,Male,22,18-25,Hyderabad,Telangana,Premium,2023-04-10
1336,Kiran Rao,Male,22,18-25,Mumbai,Maharashtra,Regular,2023-01-19
1337,Meera Sharma,Female,21,18-25,Ahmedabad,Gujarat,Regular,2025-09-16
1338,Neha Singh,Female,18,18-25,Hyderabad,Telangana,New,2024-07-16
1339,Pooja Kumar,Female,29,26-35,Hyderabad,Telangana,New,2023-07-17
1340,Amit Gupta,Male,57,46-60,Delhi,Delhi,Regular,2024-12-26
1341,Suresh Singh,Female,43,36-45,Bengaluru,Karnataka,Regular,2024-05-13
1342,Neha Das,Male,23,18-25,Bengaluru,Karnataka,Regular,2025-02-11
1343,Ananya Verma,Male,28,26-35,Hyderabad,Telangana,New,2025-06-07
1344,Amit Sharma,Male,32,26-35,Bengaluru,Karnataka,New,2025-08-31
1345,Rahul Naidu,Female,52,46-60,Bengaluru,Karnataka,Regular,2023-03-09
1346,Aditya Singh,Male,55,46-60,Hyderabad,Telangana,New,2025-03-26
1347,Neha Naidu,Male,54,46-60,Mumbai,Maharashtra,Regular,2025-03-07
1348,Vivaan Reddy,Male,23,18-25,Kolkata,West Bengal,Regular,2024-12-09
1349,Ananya Sharma,Male,22,18-25,Kolkata,West Bengal,Regular,2025-03-23
1350,Kavya Kumar,Female,49,46-60,Chennai,Tamil Nadu,New,2025-02-07
1351,Aditya Reddy,Male,57,46-60,Kolkata,West Bengal,Regular,2024-05-19
1352,Sneha Naidu,Male,42,36-45,Chennai,Tamil Nadu,Regular,2023-11-12
1353,Divya Naidu,Male,23,18-25,Pune,Maharashtra,New,2024-09-23
1354,Divya Rao,Male,26,26-35,Chennai,Tamil Nadu,New,2025-06-01
1355,Riya Verma,Male,19,18-25,Kolkata,West Bengal,New,2023-07-10
1356,Aditya Rao,Female,18,18-25,Pune,Maharashtra,Regular,2025-03-05
1357,Vikram Singh,Male,42,36-45,Delhi,Delhi,New,2024-07-04
1358,Kavya Singh,Male,22,18-25,Ahmedabad,Gujarat,New,2024-07-19
1359,Meera Verma,Male,41,36-45,Ahmedabad,Gujarat,Regular,2024-05-20
1360,Sneha Naidu,Female,24,18-25,Delhi,Delhi,New,2023-01-14
1361,Vikram Naidu,Female,46,46-60,Kolkata,West Bengal,Regular,2023-10-06
1362,Ananya Singh,Female,38,36-45,Delhi,Delhi,New,2025-03-26
1363,Priya Reddy,Male,38,36-45,Ahmedabad,Gujarat,Regular,2025-03-15
1364,Kiran Das,Male,53,46-60,Delhi,Delhi,New,2025-08-03
1365,Vikram Patel,Male,44,36-45,Chennai,Tamil Nadu,Regular,2023-10-13
1366,Divya Verma,Male,45,36-45,Chennai,Tamil Nadu,Regular,2023-06-01
1367,Neha Sharma,Female,52,46-60,Ahmedabad,Gujarat,Regular,2025-05-06
1368,Rahul Verma,Male,24,18-25,Pune,Maharashtra,Regular,2024-12-28
1369,Arjun Sharma,Female,39,36-45,Hyderabad,Telangana,Premium,2025-05-31
1370,Neha Verma,Female,32,26-35,Bengaluru,Karnataka,Regular,2025-11-28
1371,Rohan Naidu,Female,41,36-45,Delhi,Delhi,Regular,2025-10-21
1372,Arjun Kumar,Female,24,18-25,Hyderabad,Telangana,Regular,2023-06-25
1373,Pooja Das,Female,39,36-45,Pune,Maharashtra,Regular,2024-02-28
1374,Ananya Reddy,Female,24,18-25,Pune,Maharashtra,Regular,2025-07-15
1375,Arjun Kumar,Male,25,18-25,Chennai,Tamil Nadu,New,2024-12-03
1376,Divya Patel,Male,53,46-60,Delhi,Delhi,New,2025-05-23
1377,Sneha Sharma,Male,29,26-35,Kolkata,West Bengal,Regular,2025-06-04
1378,Kiran Patel,Female,55,46-60,Delhi,Delhi,Regular,2023-01-10
1379,Priya Naidu,Male,54,46-60,Chennai,Tamil Nadu,New,2024-01-18
1380,Pooja Naidu,Female,25,18-25,Delhi,Delhi,Regular,2025-09-29
1381,Divya Verma,Female,55,46-60,Kolkata,West Bengal,New,2024-12-21
1382,Ananya Reddy,Female,57,46-60,Mumbai,Maharashtra,Regular,2023-10-02
1383,Pooja Gupta,Female,25,18-25,Delhi,Delhi,New,2023-10-17
1384,Meera Rao,Male,54,46-60,Kolkata,West Bengal,Regular,2024-01-16
1385,Ananya Das,Male,49,46-60,Mumbai,Maharashtra,Regular,2024-01-19
1386,Sneha Rao,Female,18,18-25,Hyderabad,Telangana,Regular,2024-02-04
1387,Meera Kumar,Female,49,46-60,Ahmedabad,Gujarat,Regular,2025-06-28
1388,Suresh Rao,Male,32,26-35,Bengaluru,Karnataka,Regular,2024-07-16
1389,Neha Rao,Male,47,46-60,Chennai,Tamil Nadu,Regular,2025-10-11
1390,Neha Sharma,Male,35,26-35,Bengaluru,Karnataka,Regular,2025-01-21
1391,Vikram Sharma,Male,45,36-45,Ahmedabad,Gujarat,New,2024-05-21
1392,Divya Reddy,Female,40,36-45,Ahmedabad,Gujarat,Premium,2023-06-28
1393,Rahul Verma,Male,55,46-60,Delhi,Delhi,Regular,2025-05-26
1394,Neha Singh,Male,31,26-35,Mumbai,Maharashtra,Regular,2024-12-19
1395,Pooja Reddy,Female,36,36-45,Mumbai,Maharashtra,Regular,2024-07-01
1396,Rohan Patel,Female,21,18-25,Mumbai,Maharashtra,Premium,2023-09-17
1397,Meera Kumar,Female,33,26-35,Mumbai,Maharashtra,Regular,2025-03-15
1398,Sneha Rao,Female,42,36-45,Chennai,Tamil Nadu,Regular,2023-07-10
1399,Isha Sharma,Female,47,46-60,Chennai,Tamil Nadu,Premium,2024-11-01
1400,Aditya Rao,Female,58,46-60,Bengaluru,Karnataka,Regular,2025-01-03
1401,Amit Naidu,Male,45,36-45,Kolkata,West Bengal,Regular,2025-10-10
1402,Ananya Sharma,Female,53,46-60,Chennai,Tamil Nadu,Regular,2025-09-20
1403,Aarav Reddy,Male,58,46-60,Hyderabad,Telangana,Regular,2025-07-30
1404,Kiran Kumar,Female,47,46-60,Mumbai,Maharashtra,New,2025-05-26
1405,Amit Reddy,Male,35,26-35,Chennai,Tamil Nadu,New,2025-01-08
1406,Suresh Gupta,Male,21,18-25,Pune,Maharashtra,Regular,2024-09-17
1407,Rohan Verma,Male,18,18-25,Bengaluru,Karnataka,New,2023-06-09
1408,Arjun Gupta,Female,18,18-25,Delhi,Delhi,New,2024-12-04
1409,Arjun Reddy,Female,22,18-25,Mumbai,Maharashtra,New,2023-07-02
1410,Rohan Reddy,Female,37,36-45,Pune,Maharashtra,New,2023-09-30
1411,Rohan Gupta,Male,46,46-60,Hyderabad,Telangana,Regular,2024-03-12
1412,Arjun Verma,Male,23,18-25,Ahmedabad,Gujarat,Premium,2023-10-14
1413,Suresh Singh,Female,45,36-45,Kolkata,West Bengal,Regular,2023-10-14
1414,Aarav Singh,Male,53,46-60,Bengaluru,Karnataka,Regular,2024-08-06
1415,Suresh Das,Male,43,36-45,Delhi,Delhi,Regular,2023-04-22
1416,Pooja Sharma,Male,33,26-35,Kolkata,West Bengal,Regular,2023-05-26
1417,Priya Rao,Female,26,26-35,Pune,Maharashtra,Regular,2025-05-11
1418,Aarav Singh,Female,22,18-25,Mumbai,Maharashtra,New,2023-05-19
1419,Pooja Singh,Male,21,18-25,Delhi,Delhi,Premium,2025-03-26
1420,Amit Reddy,Female,43,36-45,Kolkata,West Bengal,New,2023-11-09
1421,Neha Naidu,Male,50,46-60,Chennai,Tamil Nadu,Premium,2023-11-15
1422,Vivaan Patel,Male,37,36-45,Kolkata,West Bengal,Regular,2024-05-03
1423,Vikram Kumar,Female,25,18-25,Bengaluru,Karnataka,Regular,2023-04-23
1424,Meera Naidu,Male,26,26-35,Bengaluru,Karnataka,Regular,2023-12-02
1425,Arjun Sharma,Male,41,36-45,Chennai,Tamil Nadu,New,2024-07-04
1426,Isha Reddy,Female,35,26-35,Pune,Maharashtra,Regular,2024-06-22
1427,Isha Kumar,Female,50,46-60,Ahmedabad,Gujarat,Regular,2025-10-20
1428,Suresh Rao,Male,34,26-35,Pune,Maharashtra,Regular,2023-08-25
1429,Priya Gupta,Male,18,18-25,Hyderabad,Telangana,New,2025-08-24
1430,Suresh Naidu,Male,20,18-25,Mumbai,Maharashtra,Regular,2025-05-08
1431,Isha Naidu,Female,38,36-45,Delhi,Delhi,Regular,2023-06-09
1432,Vivaan Gupta,Male,29,26-35,Bengaluru,Karnataka,New,2025-11-22
1433,Ananya Reddy,Female,36,36-45,Bengaluru,Karnataka,Regular,2024-09-28
1434,Riya Patel,Male,41,36-45,Ahmedabad,Gujarat,New,2024-09-14
1435,Neha Patel,Female,55,46-60,Ahmedabad,Gujarat,Premium,2024-02-05
1436,Aarav Naidu,Male,44,36-45,Mumbai,Maharashtra,New,2024-12-10
1437,Suresh Gupta,Female,37,36-45,Hyderabad,Telangana,New,2025-12-21
1438,Vivaan Patel,Male,27,26-35,Ahmedabad,Gujarat,Regular,2023-07-10
1439,Isha Reddy,Female,47,46-60,Kolkata,West Bengal,Premium,2023-06-23
1440,Kavya Kumar,Female,22,18-25,Mumbai,Maharashtra,Regular,2023-05-08
1441,Ananya Naidu,Female,34,26-35,Delhi,Delhi,Premium,2025-03-15
1442,Rohan Verma,Female,32,26-35,Ahmedabad,Gujarat,New,2024-02-20
1443,Ananya Gupta,Male,24,18-25,Bengaluru,Karnataka,New,2025-08-12
1444,Amit Reddy,Female,31,26-35,Bengaluru,Karnataka,Regular,2025-08-06
1445,Kiran Naidu,Male,37,36-45,Bengaluru,Karnataka,Regular,2023-03-24
1446,Pooja Sharma,Male,33,26-35,Mumbai,Maharashtra,Premium,2025-03-22
1447,Divya Rao,Female,29,26-35,Chennai,Tamil Nadu,New,2025-04-08
1448,Arjun Sharma,Male,47,46-60,Delhi,Delhi,New,2023-10-14
1449,Priya Reddy,Male,26,26-35,Hyderabad,Telangana,New,2025-03-31
1450,Divya Kumar,Male,19,18-25,Chennai,Tamil Nadu,Premium,2024-02-09
1451,Vivaan Kumar,Female,25,18-25,Bengaluru,Karnataka,New,2025-08-02
1452,Rahul Naidu,Female,49,46-60,Kolkata,West Bengal,New,2025-05-23
1453,Vivaan Verma,Male,35,26-35,Delhi,Delhi,Regular,2023-11-01
1454,Vivaan Reddy,Female,49,46-60,Delhi,Delhi,Regular,2025-09-08
1455,Suresh Rao,Female,26,26-35,Chennai,Tamil Nadu,Regular,2025-12-12
1456,Priya Verma,Female,40,36-45,Hyderabad,Telangana,Regular,2025-09-19
1457,Riya Patel,Female,35,26-35,Pune,Maharashtra,New,2024-10-15
1458,Pooja Naidu,Female,21,18-25,Hyderabad,Telangana,Regular,2025-08-24
1459,Amit Rao,Male,24,18-25,Delhi,Delhi,New,2024-05-08
1460,Priya Kumar,Male,54,46-60,Hyderabad,Telangana,Regular,2025-03-06
1461,Isha Sharma,Male,55,46-60,Mumbai,Maharashtra,Regular,2025-01-04
1462,Neha Singh,Male,54,46-60,Pune,Maharashtra,Premium,2025-10-05
1463,Riya Patel,Female,20,18-25,Mumbai,Maharashtra,New,2024-04-21
1464,Rohan Naidu,Female,18,18-25,Hyderabad,Telangana,Regular,2024-02-17
1465,Arjun Rao,Female,21,18-25,Mumbai,Maharashtra,New,2023-10-18
1466,Isha Reddy,Male,41,36-45,Pune,Maharashtra,Regular,2025-03-21
1467,Kavya Das,Female,38,36-45,Pune,Maharashtra,New,2023-11-19
1468,Suresh Verma,Male,53,46-60,Pune,Maharashtra,Regular,2024-12-31
1469,Rohan Kumar,Female,37,36-45,Mumbai,Maharashtra,Regular,2024-08-26
1470,Riya Patel,Female,54,46-60,Hyderabad,Telangana,New,2024-10-13
1471,Suresh Naidu,Female,27,26-35,Bengaluru,Karnataka,Regular,2023-06-09
1472,Ananya Das,Male,58,46-60,Pune,Maharashtra,Premium,2023-07-01
1473,Priya Singh,Female,31,26-35,Hyderabad,Telangana,New,2023-05-19
1474,Rahul Gupta,Male,21,18-25,Bengaluru,Karnataka,Regular,2025-05-09
1475,Meera Verma,Female,40,36-45,Ahmedabad,Gujarat,Regular,2023-07-27
1476,Vikram Sharma,Male,46,46-60,Delhi,Delhi,New,2023-03-10
1477,Sneha Kumar,Female,24,18-25,Pune,Maharashtra,New,2023-12-15
1478,Aarav Gupta,Male,39,36-45,Bengaluru,Karnataka,Regular,2025-09-15
1479,Kiran Patel,Female,28,26-35,Mumbai,Maharashtra,New,2024-11-09
1480,Arjun Sharma,Female,60,46-60,Kolkata,West Bengal,Regular,2024-05-01
1481,Kavya Reddy,Female,27,26-35,Kolkata,West Bengal,New,2023-01-08
1482,Rahul Singh,Female,30,26-35,Chennai,Tamil Nadu,New,2024-02-28
1483,Meera Das,Female,25,18-25,Bengaluru,Karnataka,Regular,2025-03-25
1484,Priya Gupta,Male,59,46-60,Chennai,Tamil Nadu,Regular,2024-01-14
1485,Divya Singh,Male,46,46-60,Pune,Maharashtra,New,2025-06-19
1486,Aditya Naidu,Female,54,46-60,Delhi,Delhi,New,2023-07-18
1487,Pooja Gupta,Male,53,46-60,Kolkata,West Bengal,New,2025-03-03
1488,Vivaan Rao,Male,48,46-60,Ahmedabad,Gujarat,Regular,2025-03-19
1489,Kiran Patel,Male,46,46-60,Mumbai,Maharashtra,New,2023-12-09
1490,Kiran Kumar,Male,45,36-45,Mumbai,Maharashtra,New,2025-06-10
1491,Neha Naidu,Female,22,18-25,Chennai,Tamil Nadu,New,2025-03-24
1492,Kavya Reddy,Female,18,18-25,Chennai,Tamil Nadu,Regular,2025-12-06
1493,Arjun Verma,Male,27,26-35,Kolkata,West Bengal,Regular,2023-07-25
1494,Amit Gupta,Female,52,46-60,Bengaluru,Karnataka,Premium,2025-04-21
1495,Rohan Verma,Female,20,18-25,Ahmedabad,Gujarat,New,2025-04-05
1496,Suresh Sharma,Male,43,36-45,Kolkata,West Bengal,Premium,2024-11-09
1497,Vikram Singh,Female,41,36-45,Ahmedabad,Gujarat,New,2024-09-12
1498,Ananya Singh,Male,32,26-35,Ahmedabad,Gujarat,New,2025-06-26
1499,Meera Rao,Male,30,26-35,Kolkata,West Bengal,Regular,2025-04-13
1500,Vikram Rao,Male,50,46-60,Pune,Maharashtra,Regular,2023-05-15
1501,Rahul Patel,Male,51,46-60,Kolkata,West Bengal,Premium,2023-03-01
1502,Priya Patel,Male,33,26-35,Delhi,Delhi,New,2023-04-14
1503,Aarav Patel,Female,47,46-60,Chennai,Tamil Nadu,Regular,2023-09-11
1504,Isha Rao,Female,56,46-60,Pune,Maharashtra,Regular,2025-08-29
1505,Aditya Singh,Female,28,26-35,Pune,Maharashtra,Regular,2024-06-13
1506,Suresh Patel,Female,21,18-25,Hyderabad,Telangana,New,2024-03-14
1507,Aarav Das,Female,59,46-60,Delhi,Delhi,Regular,2023-02-11
1508,Amit Verma,Male,56,46-60,Mumbai,Maharashtra,Regular,2024-04-03
1509,Divya Singh,Female,45,36-45,Chennai,Tamil Nadu,Premium,2024-12-15
1510,Isha Reddy,Female,37,36-45,Delhi,Delhi,Regular,2025-03-24
1511,Vikram Reddy,Female,53,46-60,Hyderabad,Telangana,Regular,2024-08-01
1512,Amit Singh,Male,39,36-45,Ahmedabad,Gujarat,Premium,2024-10-27
1513,Vivaan Verma,Male,27,26-35,Chennai,Tamil Nadu,Regular,2024-05-07
1514,Vikram Singh,Female,26,26-35,Kolkata,West Bengal,Regular,2025-10-15
1515,Ananya Patel,Female,42,36-45,Kolkata,West Bengal,Regular,2024-01-24
1516,Neha Kumar,Female,50,46-60,Ahmedabad,Gujarat,Regular,2023-12-15
1517,Neha Kumar,Male,48,46-60,Chennai,Tamil Nadu,New,2024-06-13
1518,Kavya Naidu,Male,32,26-35,Pune,Maharashtra,Regular,2024-09-20
1519,Meera Sharma,Female,55,46-60,Pune,Maharashtra,Regular,2023-08-30
1520,Pooja Singh,Female,30,26-35,Bengaluru,Karnataka,Regular,2025-02-20
1521,Ananya Gupta,Male,27,26-35,Kolkata,West Bengal,New,2024-02-15
1522,Aditya Das,Male,38,36-45,Ahmedabad,Gujarat,Premium,2024-01-05
1523,Divya Singh,Male,38,36-45,Pune,Maharashtra,Regular,2023-01-10
1524,Aditya Kumar,Male,54,46-60,Delhi,Delhi,Regular,2025-09-29
1525,Sneha Sharma,Female,43,36-45,Kolkata,West Bengal,Regular,2025-09-04
1526,Pooja Patel,Male,41,36-45,Hyderabad,Telangana,Premium,2024-10-21
1527,Priya Singh,Male,58,46-60,Hyderabad,Telangana,Regular,2024-04-08
1528,Rahul Reddy,Male,42,36-45,Mumbai,Maharashtra,Regular,2024-09-18
1529,Riya Rao,Female,36,36-45,Hyderabad,Telangana,Regular,2025-12-01
1530,Priya Patel,Female,26,26-35,Pune,Maharashtra,Regular,2025-09-30
1531,Kiran Sharma,Female,19,18-25,Mumbai,Maharashtra,New,2023-09-26
1532,Sneha Singh,Male,41,36-45,Mumbai,Maharashtra,Regular,2023-03-18
1533,Vivaan Reddy,Male,60,46-60,Hyderabad,Telangana,New,2023-02-10
1534,Meera Kumar,Female,42,36-45,Kolkata,West Bengal,New,2024-06-01
1535,Pooja Singh,Male,37,36-45,Delhi,Delhi,Regular,2023-07-26
1536,Vikram Reddy,Female,24,18-25,Mumbai,Maharashtra,Regular,2023-08-30
1537,Pooja Patel,Female,30,26-35,Bengaluru,Karnataka,Regular,2024-06-22
1538,Kiran Das,Female,36,36-45,Pune,Maharashtra,New,2025-10-13
1539,Arjun Verma,Male,18,18-25,Pune,Maharashtra,New,2023-07-02
1540,Arjun Singh,Male,23,18-25,Ahmedabad,Gujarat,Regular,2023-06-03
1541,Arjun Kumar,Female,36,36-45,Delhi,Delhi,Regular,2023-04-13
1542,Kavya Reddy,Female,41,36-45,Hyderabad,Telangana,Regular,2024-10-02
1543,Ananya Naidu,Male,18,18-25,Bengaluru,Karnataka,Premium,2023-12-16
1544,Rahul Reddy,Female,23,18-25,Ahmedabad,Gujarat,Regular,2024-12-02
1545,Meera Gupta,Female,47,46-60,Kolkata,West Bengal,Regular,2025-02-28
1546,Rahul Reddy,Male,26,26-35,Mumbai,Maharashtra,Regular,2023-05-01
1547,Riya Gupta,Female,54,46-60,Kolkata,West Bengal,Regular,2024-01-07
1548,Arjun Gupta,Male,26,26-35,Pune,Maharashtra,Regular,2025-09-26
1549,Aarav Rao,Male,22,18-25,Ahmedabad,Gujarat,Regular,2024-10-05
1550,Kavya Patel,Female,51,46-60,Delhi,Delhi,Regular,2023-07-15
1551,Rohan Rao,Female,60,46-60,Ahmedabad,Gujarat,Regular,2025-02-27
1552,Meera Das,Male,59,46-60,Hyderabad,Telangana,Premium,2025-11-01
1553,Amit Sharma,Male,49,46-60,Mumbai,Maharashtra,Regular,2024-11-08
1554,Divya Das,Female,43,36-45,Delhi,Delhi,Regular,2023-06-11
1555,Meera Sharma,Male,49,46-60,Ahmedabad,Gujarat,Regular,2023-09-01
1556,Aditya Verma,Female,44,36-45,Bengaluru,Karnataka,New,2023-01-01
1557,Priya Sharma,Male,59,46-60,Chennai,Tamil Nadu,Regular,2024-11-29
1558,Priya Das,Female,39,36-45,Delhi,Delhi,Regular,2025-08-26
1559,Priya Singh,Male,60,46-60,Bengaluru,Karnataka,New,2024-11-30
1560,Rohan Gupta,Male,20,18-25,Pune,Maharashtra,Premium,2025-10-05
1561,Sneha Patel,Female,57,46-60,Bengaluru,Karnataka,New,2023-09-05
1562,Vivaan Verma,Male,39,36-45,Ahmedabad,Gujarat,New,2025-04-28
1563,Rohan Das,Female,47,46-60,Bengaluru,Karnataka,Regular,2025-10-29
1564,Pooja Kumar,Male,53,46-60,Hyderabad,Telangana,Premium,2025-09-16
1565,Pooja Gupta,Male,24,18-25,Mumbai,Maharashtra,Regular,2024-10-21
1566,Vikram Das,Male,35,26-35,Kolkata,West Bengal,Regular,2024-12-03
1567,Vikram Rao,Male,44,36-45,Mumbai,Maharashtra,Regular,2025-11-15
1568,Priya Kumar,Male,30,26-35,Pune,Maharashtra,New,2024-08-18
1569,Isha Verma,Female,25,18-25,Mumbai,Maharashtra,Regular,2025-09-10
1570,Arjun Sharma,Female,45,36-45,Kolkata,West Bengal,Regular,2025-12-06
1571,Amit Kumar,Male,21,18-25,Kolkata,West Bengal,Regular,2024-02-14
1572,Kiran Rao,Female,27,26-35,Chennai,Tamil Nadu,Regular,2024-08-27
1573,Neha Gupta,Female,46,46-60,Hyderabad,Telangana,New,2024-04-04
1574,Sneha Gupta,Female,60,46-60,Delhi,Delhi,New,2025-02-20
1575,Riya Das,Male,18,18-25,Pune,Maharashtra,Regular,2024-02-20
1576,Kiran Singh,Female,55,46-60,Delhi,Delhi,Regular,2024-02-07
1577,Pooja Reddy,Male,22,18-25,Ahmedabad,Gujarat,New,2023-12-22
1578,Rohan Kumar,Male,45,36-45,Kolkata,West Bengal,Regular,2024-06-25
1579,Vivaan Kumar,Male,39,36-45,Chennai,Tamil Nadu,Regular,2023-11-14
1580,Meera Verma,Male,58,46-60,Pune,Maharashtra,Regular,2024-09-08
1581,Pooja Reddy,Male,38,36-45,Pune,Maharashtra,Regular,2024-01-12
1582,Priya Patel,Female,52,46-60,Mumbai,Maharashtra,Regular,2023-07-08
1583,Riya Rao,Female,39,36-45,Delhi,Delhi,Regular,2024-03-23
1584,Suresh Verma,Male,25,18-25,Ahmedabad,Gujarat,Regular,2025-07-01
1585,Sneha Singh,Male,38,36-45,Delhi,Delhi,Regular,2023-08-21
1586,Pooja Rao,Male,51,46-60,Chennai,Tamil Nadu,Regular,2025-02-06
1587,Ananya Rao,Female,20,18-25,Ahmedabad,Gujarat,Regular,2024-01-30
1588,Aarav Reddy,Male,28,26-35,Bengaluru,Karnataka,Premium,2025-12-28
1589,Neha Gupta,Male,45,36-45,Delhi,Delhi,Regular,2024-02-26
1590,Vivaan Reddy,Male,19,18-25,Bengaluru,Karnataka,Regular,2024-11-10
1591,Isha Patel,Male,29,26-35,Bengaluru,Karnataka,Regular,2023-05-25
1592,Kavya Naidu,Female,42,36-45,Chennai,Tamil Nadu,Regular,2025-04-08
1593,Isha Sharma,Female,25,18-25,Hyderabad,Telangana,Regular,2023-05-10
1594,Riya Reddy,Female,50,46-60,Bengaluru,Karnataka,New,2024-09-09
1595,Meera Kumar,Female,42,36-45,Chennai,Tamil Nadu,Regular,2023-03-05
1596,Rohan Singh,Male,43,36-45,Delhi,Delhi,Regular,2024-08-27
1597,Arjun Sharma,Male,53,46-60,Pune,Maharashtra,Premium,2023-10-17
1598,Vikram Patel,Female,52,46-60,Hyderabad,Telangana,Regular,2023-06-24
1599,Rohan Kumar,Male,44,36-45,Pune,Maharashtra,Premium,2025-11-15
1600,Arjun Kumar,Male,57,46-60,Mumbai,Maharashtra,Regular,2024-02-02
1601,Aditya Singh,Female,59,46-60,Hyderabad,Telangana,Regular,2024-08-18
1602,Priya Kumar,Male,55,46-60,Bengaluru,Karnataka,Regular,2024-11-08
1603,Ananya Das,Male,36,36-45,Delhi,Delhi,Regular,2024-02-01
1604,Isha Verma,Female,57,46-60,Ahmedabad,Gujarat,Regular,2023-11-09
1605,Suresh Patel,Female,45,36-45,Pune,Maharashtra,New,2024-10-03
1606,Meera Das,Female,41,36-45,Kolkata,West Bengal,New,2024-11-10
1607,Rahul Verma,Female,37,36-45,Ahmedabad,Gujarat,Regular,2023-08-11
1608,Amit Reddy,Female,26,26-35,Bengaluru,Karnataka,Premium,2024-02-07
1609,Isha Patel,Male,50,46-60,Bengaluru,Karnataka,Regular,2025-04-09
1610,Rohan Naidu,Female,52,46-60,Hyderabad,Telangana,Premium,2025-08-24
1611,Rohan Das,Male,55,46-60,Kolkata,West Bengal,Regular,2024-08-18
1612,Riya Kumar,Female,41,36-45,Bengaluru,Karnataka,Regular,2024-05-04
1613,Meera Naidu,Female,28,26-35,Mumbai,Maharashtra,New,2023-10-27
1614,Priya Patel,Male,49,46-60,Hyderabad,Telangana,New,2024-06-25
1615,Sneha Das,Male,51,46-60,Hyderabad,Telangana,Premium,2025-01-09
1616,Arjun Rao,Male,20,18-25,Ahmedabad,Gujarat,Premium,2024-10-25
1617,Sneha Gupta,Female,55,46-60,Chennai,Tamil Nadu,Regular,2023-12-23
1618,Pooja Gupta,Male,51,46-60,Pune,Maharashtra,Regular,2024-04-01
1619,Pooja Kumar,Female,49,46-60,Pune,Maharashtra,Regular,2023-01-14
1620,Kiran Kumar,Male,32,26-35,Ahmedabad,Gujarat,New,2024-07-29
1621,Suresh Gupta,Male,41,36-45,Mumbai,Maharashtra,Regular,2023-08-31
1622,Kiran Verma,Male,48,46-60,Pune,Maharashtra,Regular,2025-09-08
1623,Isha Verma,Female,19,18-25,Mumbai,Maharashtra,New,2023-09-19
1624,Vivaan Kumar,Male,58,46-60,Mumbai,Maharashtra,Regular,2023-10-28
1625,Vikram Reddy,Male,51,46-60,Chennai,Tamil Nadu,Premium,2023-02-08
1626,Rahul Patel,Female,56,46-60,Delhi,Delhi,Premium,2025-09-13
1627,Riya Rao,Male,55,46-60,Kolkata,West Bengal,Regular,2024-01-08
1628,Suresh Gupta,Male,39,36-45,Chennai,Tamil Nadu,Premium,2023-05-21
1629,Pooja Gupta,Male,24,18-25,Kolkata,West Bengal,New,2025-12-06
1630,Neha Rao,Male,29,26-35,Mumbai,Maharashtra,Regular,2023-03-21
1631,Kavya Rao,Male,48,46-60,Bengaluru,Karnataka,Regular,2023-01-03
1632,Suresh Das,Female,20,18-25,Kolkata,West Bengal,Regular,2025-05-28
1633,Kavya Kumar,Female,55,46-60,Kolkata,West Bengal,Regular,2023-07-20
1634,Vikram Verma,Female,32,26-35,Chennai,Tamil Nadu,Premium,2023-06-21
1635,Isha Rao,Female,30,26-35,Kolkata,West Bengal,New,2023-01-15
1636,Kavya Naidu,Male,42,36-45,Bengaluru,Karnataka,Regular,2024-10-08
1637,Amit Rao,Male,45,36-45,Bengaluru,Karnataka,Regular,2024-06-03
1638,Kiran Gupta,Female,57,46-60,Kolkata,West Bengal,Regular,2025-03-24
1639,Amit Singh,Male,41,36-45,Ahmedabad,Gujarat,Regular,2025-09-17
1640,Suresh Das,Female,26,26-35,Pune,Maharashtra,Premium,2023-09-01
1641,Neha Verma,Male,31,26-35,Mumbai,Maharashtra,Regular,2024-11-24
1642,Aditya Kumar,Male,42,36-45,Hyderabad,Telangana,Premium,2023-01-11
1643,Priya Reddy,Female,23,18-25,Ahmedabad,Gujarat,New,2024-03-30
1644,Vikram Verma,Female,43,36-45,Hyderabad,Telangana,Regular,2025-12-03
1645,Kiran Rao,Male,58,46-60,Hyderabad,Telangana,Regular,2023-01-22
1646,Pooja Patel,Male,20,18-25,Chennai,Tamil Nadu,Regular,2025-11-11
1647,Rahul Reddy,Male,41,36-45,Mumbai,Maharashtra,New,2023-01-01
1648,Isha Patel,Female,40,36-45,Chennai,Tamil Nadu,Regular,2025-04-10
1649,Priya Singh,Male,23,18-25,Hyderabad,Telangana,Regular,2024-12-13
1650,Amit Kumar,Male,47,46-60,Delhi,Delhi,Premium,2023-01-10
1651,Ananya Reddy,Male,53,46-60,Kolkata,West Bengal,New,2024-08-25
1652,Suresh Naidu,Female,46,46-60,Chennai,Tamil Nadu,Premium,2025-09-17
1653,Arjun Singh,Female,55,46-60,Ahmedabad,Gujarat,Premium,2025-09-14
1654,Suresh Naidu,Female,58,46-60,Bengaluru,Karnataka,Regular,2024-03-27
1655,Suresh Singh,Female,51,46-60,Kolkata,West Bengal,Regular,2024-06-23
1656,Meera Naidu,Female,39,36-45,Bengaluru,Karnataka,New,2024-01-01
1657,Meera Patel,Male,54,46-60,Pune,Maharashtra,Regular,2024-01-25
1658,Suresh Verma,Male,34,26-35,Delhi,Delhi,New,2024-02-20
1659,Meera Verma,Male,24,18-25,Pune,Maharashtra,New,2023-06-10
1660,Meera Verma,Male,48,46-60,Hyderabad,Telangana,Regular,2024-10-07
1661,Amit Gupta,Female,29,26-35,Chennai,Tamil Nadu,Premium,2025-11-12
1662,Meera Rao,Male,21,18-25,Delhi,Delhi,Regular,2025-05-16
1663,Divya Reddy,Female,43,36-45,Hyderabad,Telangana,Premium,2023-12-24
1664,Sneha Verma,Female,18,18-25,Ahmedabad,Gujarat,New,2024-03-07
1665,Rahul Rao,Female,41,36-45,Bengaluru,Karnataka,Regular,2024-06-15
1666,Priya Kumar,Male,35,26-35,Chennai,Tamil Nadu,Regular,2024-12-03
1667,Priya Gupta,Female,31,26-35,Ahmedabad,Gujarat,Regular,2025-02-01
1668,Arjun Singh,Female,29,26-35,Chennai,Tamil Nadu,Regular,2024-04-13
1669,Meera Sharma,Female,42,36-45,Delhi,Delhi,New,2023-11-03
1670,Neha Naidu,Female,49,46-60,Mumbai,Maharashtra,New,2025-11-24
1671,Sneha Reddy,Female,34,26-35,Ahmedabad,Gujarat,Regular,2023-04-08
1672,Arjun Das,Male,31,26-35,Mumbai,Maharashtra,Regular,2025-09-02
1673,Priya Sharma,Female,41,36-45,Pune,Maharashtra,Regular,2024-06-11
1674,Isha Verma,Male,40,36-45,Kolkata,West Bengal,Premium,2024-02-12
1675,Meera Das,Female,40,36-45,Mumbai,Maharashtra,Regular,2025-11-11
1676,Rahul Naidu,Female,57,46-60,Bengaluru,Karnataka,Regular,2023-10-24
1677,Suresh Naidu,Female,22,18-25,Kolkata,West Bengal,New,2024-12-04
1678,Amit Das,Female,35,26-35,Pune,Maharashtra,Regular,2025-03-20
1679,Rohan Patel,Female,44,36-45,Pune,Maharashtra,New,2023-02-17
1680,Arjun Reddy,Male,31,26-35,Chennai,Tamil Nadu,New,2023-07-30
1681,Aditya Reddy,Male,19,18-25,Ahmedabad,Gujarat,Regular,2025-12-09
1682,Vikram Patel,Male,23,18-25,Chennai,Tamil Nadu,Regular,2025-03-09
1683,Pooja Kumar,Female,46,46-60,Delhi,Delhi,Regular,2023-09-26
1684,Meera Das,Male,60,46-60,Hyderabad,Telangana,Regular,2024-10-28
1685,Isha Verma,Female,26,26-35,Chennai,Tamil Nadu,Premium,2023-12-29
1686,Vikram Naidu,Female,51,46-60,Ahmedabad,Gujarat,Regular,2025-12-29
1687,Kavya Singh,Male,23,18-25,Ahmedabad,Gujarat,Regular,2025-01-19
1688,Priya Singh,Female,18,18-25,Mumbai,Maharashtra,New,2023-10-07
1689,Vikram Sharma,Male,49,46-60,Ahmedabad,Gujarat,Premium,2025-09-04
1690,Neha Naidu,Female,56,46-60,Kolkata,West Bengal,New,2023-01-15
1691,Rahul Gupta,Female,53,46-60,Delhi,Delhi,Regular,2024-05-26
1692,Pooja Verma,Male,34,26-35,Kolkata,West Bengal,New,2024-05-05
1693,Kavya Patel,Female,59,46-60,Chennai,Tamil Nadu,Regular,2024-07-04
1694,Riya Das,Male,26,26-35,Bengaluru,Karnataka,Regular,2025-07-21
1695,Vivaan Rao,Female,30,26-35,Chennai,Tamil Nadu,Regular,2023-11-08
1696,Divya Sharma,Male,24,18-25,Hyderabad,Telangana,Regular,2023-09-14
1697,Ananya Gupta,Male,27,26-35,Delhi,Delhi,New,2024-03-20
1698,Ananya Reddy,Female,41,36-45,Chennai,Tamil Nadu,Regular,2023-03-06
1699,Neha Das,Male,35,26-35,Mumbai,Maharashtra,Regular,2023-05-27
1700,Arjun Patel,Male,34,26-35,Mumbai,Maharashtra,Regular,2023-01-26
1701,Kiran Das,Female,33,26-35,Kolkata,West Bengal,Regular,2023-03-10
1702,Ananya Kumar,Male,48,46-60,Bengaluru,Karnataka,Regular,2024-10-01
1703,Kiran Naidu,Male,34,26-35,Hyderabad,Telangana,Regular,2024-09-03
1704,Ananya Sharma,Male,25,18-25,Hyderabad,Telangana,New,2025-06-08
1705,Aarav Sharma,Female,55,46-60,Mumbai,Maharashtra,New,2024-05-12
1706,Rahul Das,Male,41,36-45,Ahmedabad,Gujarat,Regular,2024-05-24
1707,Rohan Rao,Female,58,46-60,Bengaluru,Karnataka,New,2024-12-29
1708,Divya Patel,Male,49,46-60,Bengaluru,Karnataka,New,2024-12-12
1709,Vivaan Das,Female,40,36-45,Hyderabad,Telangana,Regular,2024-05-28
1710,Isha Kumar,Female,52,46-60,Ahmedabad,Gujarat,Regular,2024-01-24
1711,Aditya Rao,Female,47,46-60,Pune,Maharashtra,Regular,2023-11-25
1712,Divya Sharma,Female,36,36-45,Mumbai,Maharashtra,Regular,2025-01-21
1713,Riya Patel,Male,19,18-25,Kolkata,West Bengal,Regular,2025-01-15
1714,Kiran Rao,Male,60,46-60,Pune,Maharashtra,Premium,2025-03-04
1715,Ananya Reddy,Male,57,46-60,Ahmedabad,Gujarat,Regular,2025-04-19
1716,Rahul Sharma,Male,20,18-25,Bengaluru,Karnataka,Regular,2023-09-23
1717,Isha Gupta,Male,49,46-60,Delhi,Delhi,New,2023-03-07
1718,Aarav Patel,Female,21,18-25,Ahmedabad,Gujarat,Regular,2023-05-26
1719,Priya Rao,Male,47,46-60,Ahmedabad,Gujarat,Regular,2023-05-05
1720,Pooja Sharma,Female,21,18-25,Kolkata,West Bengal,Regular,2024-06-28
1721,Arjun Reddy,Female,22,18-25,Bengaluru,Karnataka,Premium,2025-11-29
1722,Isha Kumar,Female,30,26-35,Delhi,Delhi,New,2024-05-24
1723,Kavya Reddy,Male,58,46-60,Kolkata,West Bengal,Regular,2025-07-28
1724,Rahul Rao,Male,53,46-60,Mumbai,Maharashtra,Regular,2024-11-22
1725,Priya Gupta,Female,38,36-45,Ahmedabad,Gujarat,Regular,2024-10-26
1726,Sneha Rao,Female,56,46-60,Kolkata,West Bengal,New,2024-03-14
1727,Aarav Sharma,Female,46,46-60,Chennai,Tamil Nadu,Regular,2025-03-24
1728,Aarav Singh,Male,51,46-60,Chennai,Tamil Nadu,New,2024-09-10
1729,Neha Rao,Male,38,36-45,Delhi,Delhi,New,2024-07-19
1730,Rohan Singh,Male,20,18-25,Mumbai,Maharashtra,Regular,2023-11-16
1731,Aditya Verma,Male,32,26-35,Pune,Maharashtra,Regular,2024-09-07
1732,Rahul Das,Male,22,18-25,Kolkata,West Bengal,Regular,2025-09-15
1733,Aditya Sharma,Female,20,18-25,Bengaluru,Karnataka,Regular,2025-02-20
1734,Suresh Verma,Female,45,36-45,Pune,Maharashtra,Regular,2023-09-04
1735,Ananya Rao,Female,21,18-25,Hyderabad,Telangana,Regular,2023-03-26
1736,Vivaan Gupta,Female,50,46-60,Mumbai,Maharashtra,Regular,2023-11-10
1737,Rohan Kumar,Male,32,26-35,Ahmedabad,Gujarat,Regular,2025-03-18
1738,Neha Gupta,Male,48,46-60,Pune,Maharashtra,Regular,2023-04-11
1739,Rohan Das,Male,43,36-45,Chennai,Tamil Nadu,Regular,2023-09-25
1740,Neha Verma,Female,43,36-45,Delhi,Delhi,Regular,2024-02-06
1741,Ananya Verma,Male,22,18-25,Delhi,Delhi,Regular,2025-05-30
1742,Priya Patel,Male,60,46-60,Bengaluru,Karnataka,Regular,2025-01-18
1743,Rahul Naidu,Female,56,46-60,Pune,Maharashtra,Regular,2024-09-16
1744,Kiran Naidu,Male,46,46-60,Ahmedabad,Gujarat,New,2024-04-23
1745,Riya Kumar,Male,25,18-25,Mumbai,Maharashtra,Regular,2024-05-12
1746,Vikram Das,Male,39,36-45,Chennai,Tamil Nadu,Regular,2023-08-16
1747,Kiran Rao,Male,39,36-45,Ahmedabad,Gujarat,New,2024-03-09
1748,Aarav Gupta,Female,57,46-60,Chennai,Tamil Nadu,Regular,2023-10-17
1749,Riya Singh,Female,28,26-35,Hyderabad,Telangana,New,2024-02-16
1750,Sneha Singh,Female,59,46-60,Hyderabad,Telangana,Premium,2023-05-17
1751,Suresh Gupta,Male,19,18-25,Pune,Maharashtra,Regular,2025-03-02
1752,Aditya Kumar,Female,49,46-60,Bengaluru,Karnataka,Premium,2025-12-24
1753,Vivaan Patel,Female,53,46-60,Delhi,Delhi,Premium,2023-02-14
1754,Aarav Naidu,Female,49,46-60,Chennai,Tamil Nadu,Regular,2023-11-18
1755,Amit Sharma,Female,58,46-60,Pune,Maharashtra,Regular,2025-10-23
1756,Suresh Kumar,Female,19,18-25,Chennai,Tamil Nadu,Premium,2024-07-27
1757,Pooja Verma,Female,60,46-60,Pune,Maharashtra,New,2025-02-21
1758,Vikram Verma,Female,33,26-35,Delhi,Delhi,Regular,2025-05-23
1759,Isha Rao,Female,52,46-60,Pune,Maharashtra,New,2023-10-11
1760,Rohan Gupta,Male,37,36-45,Delhi,Delhi,Regular,2025-12-08
1761,Arjun Kumar,Male,38,36-45,Mumbai,Maharashtra,New,2025-12-27
1762,Kavya Singh,Male,19,18-25,Pune,Maharashtra,Regular,2025-04-27
1763,Rohan Kumar,Female,27,26-35,Ahmedabad,Gujarat,Regular,2023-08-07
1764,Riya Patel,Female,56,46-60,Hyderabad,Telangana,Regular,2024-04-17
1765,Rohan Rao,Male,40,36-45,Delhi,Delhi,New,2025-09-03
1766,Meera Kumar,Female,29,26-35,Ahmedabad,Gujarat,Premium,2025-10-03
1767,Amit Gupta,Male,32,26-35,Mumbai,Maharashtra,New,2023-01-31
1768,Riya Das,Male,31,26-35,Delhi,Delhi,New,2025-06-18
1769,Riya Gupta,Female,33,26-35,Pune,Maharashtra,Regular,2023-03-27
1770,Vivaan Rao,Female,57,46-60,Pune,Maharashtra,Premium,2025-12-11
1771,Suresh Rao,Female,47,46-60,Bengaluru,Karnataka,Regular,2023-03-28
1772,Kiran Singh,Male,53,46-60,Kolkata,West Bengal,Regular,2023-04-11
1773,Divya Kumar,Female,37,36-45,Ahmedabad,Gujarat,Regular,2024-08-08
1774,Rohan Das,Female,57,46-60,Kolkata,West Bengal,Premium,2025-11-24
1775,Sneha Gupta,Male,50,46-60,Ahmedabad,Gujarat,New,2023-10-05
1776,Divya Reddy,Female,19,18-25,Pune,Maharashtra,New,2024-02-18
1777,Arjun Reddy,Female,59,46-60,Chennai,Tamil Nadu,Premium,2023-12-02
1778,Sneha Rao,Female,58,46-60,Bengaluru,Karnataka,Regular,2025-12-08
1779,Ananya Verma,Female,53,46-60,Mumbai,Maharashtra,Regular,2023-12-16
1780,Kavya Singh,Male,27,26-35,Mumbai,Maharashtra,New,2023-04-16
1781,Rohan Patel,Female,36,36-45,Chennai,Tamil Nadu,Regular,2023-08-29
1782,Neha Sharma,Female,18,18-25,Hyderabad,Telangana,Regular,2025-10-18
1783,Divya Gupta,Male,31,26-35,Ahmedabad,Gujarat,Regular,2025-09-01
1784,Neha Singh,Male,56,46-60,Ahmedabad,Gujarat,Regular,2024-05-16
1785,Vivaan Kumar,Male,29,26-35,Delhi,Delhi,New,2024-12-15
1786,Arjun Gupta,Female,39,36-45,Hyderabad,Telangana,Premium,2023-04-11
1787,Divya Verma,Male,36,36-45,Mumbai,Maharashtra,Regular,2023-12-30
1788,Priya Gupta,Male,23,18-25,Pune,Maharashtra,Regular,2024-10-23
1789,Rohan Reddy,Female,53,46-60,Bengaluru,Karnataka,New,2025-08-22
1790,Kiran Verma,Female,51,46-60,Chennai,Tamil Nadu,Regular,2024-03-05
1791,Aditya Das,Male,54,46-60,Hyderabad,Telangana,Regular,2025-12-19
1792,Pooja Verma,Female,56,46-60,Chennai,Tamil Nadu,Regular,2024-06-15
1793,Meera Das,Male,57,46-60,Pune,Maharashtra,Regular,2025-11-30
1794,Arjun Sharma,Male,36,36-45,Mumbai,Maharashtra,Premium,2023-01-04
1795,Kavya Sharma,Male,31,26-35,Ahmedabad,Gujarat,Regular,2025-04-29
1796,Aarav Patel,Female,53,46-60,Pune,Maharashtra,Regular,2024-03-10
1797,Neha Naidu,Female,22,18-25,Chennai,Tamil Nadu,Regular,2025-11-03
1798,Rahul Patel,Male,39,36-45,Hyderabad,Telangana,Regular,2023-03-01
1799,Rohan Das,Female,48,46-60,Pune,Maharashtra,Premium,2023-03-14
1800,Kavya Sharma,Female,52,46-60,Mumbai,Maharashtra,Premium,2025-08-05
